{"alpha": 1.2, "arms": [{"A": [[47.16506350946109, -29.838457268119907, 26.656828427010296, 41.53425495192661, 23.446180933903584, 30.034134671491636, 14.220696264811052, 58.61321820868143], [-29.838457268119907, 47.834936490538915, -36.80684532601015, -45.27540466203513, -34.333710370775655, -29.783638103702735, -14.866478874066539, -59.80973511031756], [26.656828427010296, -36.80684532601015, 42.33333333333331, 40.401666666666664, 33.54240740740741, 25.020833333333336, 12.74666666666666, 50.99999999999998], [41.53425495192661, -45.27540466203513, 40.401666666666664, 52.88920000000001, 36.55474999999998, 34.65875, 16.841699999999996, 68.45999999999997], [23.446180933903584, -34.333710370775655, 33.54240740740741, 36.55474999999998, 33.46064197530867, 21.6603125, 11.96080555555555, 46.22000000000001], [30.034134671491636, -29.783638103702735, 25.020833333333336, 34.65875, 21.6603125, 31.15234375, 11.24625, 46.8125], [14.220696264811052, -14.866478874066539, 12.74666666666666, 16.841699999999996, 11.96080555555555, 11.24625, 9.766500000000004, 22.95], [58.61321820868143, -59.80973511031756, 50.99999999999998, 68.45999999999997, 46.22000000000001, 46.8125, 22.95, 94.0]], "b": [35.49034228274561, -37.10632863508059, 31.333333333333332, 42.25800000000001, 27.79422222222221, 29.124999999999996, 13.74799999999999, 56.999999999999986]}, {"A": [[242.68172400785633, -139.22818472546192, 129.82923102392562, 194.84225275725504, 113.12549068094583, 155.5195874421607, 84.30883522619331, 290.7606308124282], [-139.22818472546192, 142.31827599214347, -114.90571193677707, -149.45338188936415, -104.51241620458622, -110.57836411490717, -61.457729609365586, -210.4414611744708], [129.82923102392562, -114.90571193677707, 131.58333333333323, 138.48166666666665, 104.99648148148147, 99.86458333333337, 54.12333333333333, 187.8333333333333], [194.84225275725504, -149.45338188936415, 138.48166666666665, 188.02929999999975, 122.98728333333332, 140.09625000000005, 76.31560000000002, 263.36999999999995], [113.12549068094583, -104.51241620458622, 104.99648148148147, 122.98728333333332, 99.50027623456798, 89.8026388888889, 49.145799999999966, 166.66611111111115], [155.5195874421607, -110.57836411490717, 99.86458333333337, 140.09625000000005, 89.8026388888889, 139.41796875, 59.24562499999998, 203.5625], [84.30883522619331, -61.457729609365586, 54.12333333333333, 76.31560000000002, 49.145799999999966, 59.24562499999998, 42.39600000000001, 111.34], [290.7606308124282, -210.4414611744708, 187.8333333333333, 263.36999999999995, 166.66611111111115, 203.5625, 111.34, 384.0]], "b": [225.11538425839294, -163.42549352827527, 146.59084739679767, 204.21380626958594, 129.05050026822684, 157.31996350693638, 86.3888229372751, 296.55401977921105]}, {"A": [[7.816987298107782, -3.9150635094610973, 5.048782094904038, 6.095169286650131, 4.847810176492281, 3.084202648938354, 2.375109208509226, 8.647466376641127], [-3.9150635094610973, 18.183012701892217, -14.999905811946876, -14.806418877528975, -14.81422036047648, -7.48998048830536, -5.338526056632272, -18.72059856161211], [5.048782094904038, -14.999905811946876, 17.36111111111111, 14.413333333333332, 15.174537037037037, 7.729166666666667, 5.168333333333333, 18.166666666666668], [6.095169286650131, -14.806418877528975, 14.413333333333332, 15.373600000000003, 14.033566666666665, 7.211875, 5.1996, 18.340000000000003], [4.847810176492281, -14.81422036047648, 15.174537037037037, 14.033566666666665, 15.740635185185186, 7.279930555555556, 4.877105555555555, 17.56555555555556], [3.084202648938354, -7.48998048830536, 7.729166666666667, 7.211875, 7.279930555555556, 7.4296875, 2.640625, 9.625], [2.375109208509226, -5.338526056632272, 5.168333333333333, 5.1996, 4.877105555555555, 2.640625, 3.8682999999999996, 6.750000000000001], [8.647466376641127, -18.72059856161211, 18.166666666666668, 18.340000000000003, 17.56555555555556, 9.625, 6.750000000000001, 25.0]], "b": [2.04031043775919, -8.093126188726261, 7.870121657885983, 7.3061885191390346, 7.546675615728253, 3.3709686174309366, 2.5855968809693826, 9.267748939447495]}]}