{"alpha": 1.8, "arms": [{"A": [[1.9330127018922194, -0.2499999999999999, 0.0, 0.6278517870878945, 0.48296291314453416, 0.48296291314453416, 0.38637033051562736, 0.9659258262890683], [-0.2499999999999999, 1.0669872981077806, 0.0, -0.16823237931663843, -0.12940952255126031, -0.12940952255126031, -0.10352761804100825, -0.25881904510252063], [0.0, 0.0, 1.0, 0.0, 0.0, 0.0, 0.0, 0.0], [0.6278517870878945, -0.16823237931663843, 0.0, 1.4225, 0.325, 0.325, 0.26, 0.65], [0.48296291314453416, -0.12940952255126031, 0.0, 0.325, 1.25, 0.25, 0.2, 0.5], [0.48296291314453416, -0.12940952255126031, 0.0, 0.325, 0.25, 1.25, 0.2, 0.5], [0.38637033051562736, -0.10352761804100825, 0.0, 0.26, 0.2, 0.2, 1.1600000000000001, 0.4], [0.9659258262890683, -0.25881904510252063, 0.0, 0.65, 0.5, 0.5, 0.4, 2.0]], "b": [0.7727406610312547, -0.2070552360820165, 0.0, 0.52, 0.4, 0.4, 0.32000000000000006, 0.8]}, {"A": [[1.0, 0.0, 0.0, 0.0, 0.0, 0.0, 0.0, 0.0], [0.0, 1.0, 0.0, 0.0, 0.0, 0.0, 0.0, 0.0], [0.0, 0.0, 1.0, 0.0, 0.0, 0.0, 0.0, 0.0], [0.0, 0.0, 0.0, 1.0, 0.0, 0.0, 0.0, 0.0], [0.0, 0.0, 0.0, 0.0, 1.0, 0.0, 0.0, 0.0], [0.0, 0.0, 0.0, 0.0, 0.0, 1.0, 0.0, 0.0], [0.0, 0.0, 0.0, 0.0, 0.0, 0.0, 1.0, 0.0], [0.0, 0.0, 0.0, 0.0, 0.0, 0.0, 0.0, 1.0]], "b": [0.0, 0.0, 0.0, 0.0, 0.0, 0.0, 0.0, 0.0]}, {"A": [[1.0, 0.0, 0.0, 0.0, 0.0, 0.0, 0.0, 0.0], [0.0, 1.0, 0.0, 0.0, 0.0, 0.0, 0.0, 0.0], [0.0, 0.0, 1.0, 0.0, 0.0, 0.0, 0.0, 0.0], [0.0, 0.0, 0.0, 1.0, 0.0, 0.0, 0.0, 0.0], [0.0, 0.0, 0.0, 0.0, 1.0, 0.0, 0.0, 0.0], [0.0, 0.0, 0.0, 0.0, 0.0, 1.0, 0.0, 0.0], [0.0, 0.0, 0.0, 0.0, 0.0, 0.0, 1.0, 0.0], [0.0, 0.0, 0.0, 0.0, 0.0, 0.0, 0.0, 1.0]], "b": [0.0, 0.0, 0.0, 0.0, 0.0, 0.0, 0.0, 0.0]}]}